{"timestamp":1758303916.742018,"equity":184254.72652662054,"pnl_total":84254.72652662054,"equity_high":184254.72652662054}