{"ai_predict":{"ema_pnl":0.0,"ema_var":1.3842038799995774e-21,"count":223,"last_ts":1758303916.740811},"bbands":{"ema_pnl":-1.4147835773377158e-08,"ema_var":6.111178547799255e-08,"count":223,"last_ts":1758303916.7408135},"breakout":{"ema_pnl":0.0,"ema_var":1.3842038799995774e-21,"count":223,"last_ts":1758303916.7408152},"ema":{"ema_pnl":-1.2286126333891825e-15,"ema_var":2.2333670933435968e-15,"count":223,"last_ts":1758303916.7408164},"init":{"ema_pnl":0.0,"ema_var":1.3842038799995774e-21,"count":223,"last_ts":1758303916.7408175},"macd":{"ema_pnl":-1.2286126333891825e-15,"ema_var":2.2333670933435968e-15,"count":223,"last_ts":1758303916.7408192},"mean_reversion":{"ema_pnl":-3.855737956153023e-08,"ema_var":7.789683053084414e-08,"count":223,"last_ts":1758303916.7408204},"momentum":{"ema_pnl":-2.216029724977776e-14,"ema_var":5.168648268223127e-14,"count":223,"last_ts":1758303916.7408218},"rsi":{"ema_pnl":0.0,"ema_var":1.3842038799995774e-21,"count":223,"last_ts":1758303916.740823},"sma":{"ema_pnl":-3.8556449625292333e-08,"ema_var":7.789305457621274e-08,"count":223,"last_ts":1758303916.7408245},"volume_spike":{"ema_pnl":0.0,"ema_var":1.3842038799995774e-21,"count":223,"last_ts":1758303916.7408261}}