{"ai_predict":{"ema_pnl":0.0,"ema_var":4.2391158275216234e-08,"count":11},"bbands":{"ema_pnl":0.0,"ema_var":4.2391158275216234e-08,"count":11},"breakout":{"ema_pnl":0.0,"ema_var":4.2391158275216234e-08,"count":11},"ema":{"ema_pnl":0.0,"ema_var":4.2391158275216234e-08,"count":11},"init":{"ema_pnl":0.0,"ema_var":4.2391158275216234e-08,"count":11},"macd":{"ema_pnl":0.0,"ema_var":4.2391158275216234e-08,"count":11},"mean_reversion":{"ema_pnl":0.0,"ema_var":4.2391158275216234e-08,"count":11},"momentum":{"ema_pnl":0.0,"ema_var":4.2391158275216234e-08,"count":11},"rsi":{"ema_pnl":0.0,"ema_var":4.2391158275216234e-08,"count":11},"sma":{"ema_pnl":0.0,"ema_var":4.2391158275216234e-08,"count":11},"volume_spike":{"ema_pnl":0.0,"ema_var":4.2391158275216234e-08,"count":11}}