{"close::edges":[99.88397671874542,100.90636605433501,101.92875538992459,102.95114472551418,103.97353406110378,104.99592339669337,106.01831273228295,107.04070206787254,108.06309140346214,109.08548073905172,110.10787007464131],"close::prop":[0.08542713567839195,0.11055276381909548,0.08542713567839195,0.11557788944723618,0.10050251256281408,0.10552763819095477,0.09547738693467336,0.10552763819095477,0.11055276381909548,0.08542713567839195],"volume::edges":[875.1758459434267,902.6447293808988,930.1136128183709,957.5824962558431,985.0513796933152,1012.5202631307873,1039.9891465682595,1067.4580300057316,1094.9269134432038,1122.3957968806758,1149.864680318148],"volume::prop":[0.020100502512562814,0.08040201005025126,0.1507537688442211,0.17587939698492464,0.21105527638190955,0.18090452261306533,0.08040201005025126,0.07537688442211055,0.010050251256281407,0.01507537688442211]}