{"engine_down":1756853701.2709491,"no_trades_ever":1756853701.533566,"stale":1756854601.4272442,"mode_mismatch":1756852801.3713417}