{"ts":"2025-09-03T00:04:13.451968Z","tested":10,"ok_indicators":10,"rows":[["ETH/USDT",4320.68,4321.846,4323.0155,46.5,"hold"],["BTC/USDT",111320.01,111191.886,111152.5895,56.28,"bull"],["USDC/USDT",0.9998,0.9998,0.9998,42.86,"bear"],["SOL/USDT",209.04,209.092,208.536,60.62,"bull"],["WLFI/USDT",0.2293,0.2279,0.2293,40.82,"bear"],["XRP/USDT",2.8566,2.8595,2.8543,54.47,"hold"],["FDUSD/USDT",0.9979,0.9979,0.9979,50.0,"hold"],["DOGE/USDT",0.21451,0.2147,0.2147,50.31,"hold"],["ENA/USDT",0.6906,0.6882,0.6896,49.06,"hold"],["PLUME/USDT",0.08104,0.081,0.0811,44.27,"bear"]]}